"Model","Method","Target","Params","MACs","Val before","Val after","Test","CPU, 1 face","GPU, 1 face"
"VGG-style","uncompressed","","14.81 M","1195 M","","86.0","85.6","6.0 ms","0.77 ms"
"","output-based low rank","2x","7.37 M","950 M","86.2","85.9","85.1","5.9 ms","1.04 ms"
"","output-based low rank","4x","3.48 M","565 M","85.8","85.5","84.2","4.7 ms","1.35 ms"
"","output-based low rank","8x","1.82 M","329 M","83.9","84.8","84.3","3.7 ms","1.36 ms"
"","Tucker-2","2x","7.33 M","811 M","86.3","85.4","85.1","6.7 ms","1.28 ms"
"","Tucker-2","4x","3.69 M","56 M","56.9","83.1","82.3","2.5 ms","1.36 ms"
"","spatial split","2x","7.40 M","770 M","86.0","85.8","85.0","5.5 ms","1.22 ms"
"","spatial split","4x","3.69 M","55 M","30.1","77.0","75.4","1.9 ms","1.09 ms"
"ResNet-18","uncompressed","","13.69 M","1547 M","","85.6","85.2","6.9 ms","1.20 ms"
"","output-based low rank","2x","6.74 M","1070 M","85.6","86.2","85.5","8.0 ms","2.03 ms"
"","output-based low rank","4x","3.34 M","559 M","86.1","85.7","85.3","5.8 ms","2.31 ms"
"","output-based low rank","8x","1.68 M","316 M","83.2","84.4","83.8","4.3 ms","2.33 ms"
"","Tucker-2","2x","6.70 M","1242 M","85.4","86.1","85.6","7.5 ms","1.72 ms"
"","Tucker-2","4x","3.16 M","522 M","85.1","85.5","85.4","6.3 ms","2.15 ms"
"","Tucker-2","8x","1.70 M","279 M","84.5","84.7","84.9","5.1 ms","1.97 ms"
"","spatial split","2x","6.72 M","1108 M","85.6","85.9","85.9","8.2 ms","1.89 ms"
"","spatial split","4x","3.35 M","608 M","85.6","85.6","85.3","6.4 ms","1.89 ms"
"","spatial split","8x","1.69 M","277 M","84.5","84.7","84.7","4.1 ms","1.78 ms"
"DenseNet-BC","uncompressed","","1.49 M","316 M","","85.4","85.0","8.7 ms","6.47 ms"
"","output-based low rank","2x","0.75 M","162 M","85.0","85.5","84.9","11.8 ms","12.44 ms"
"","output-based low rank","4x","0.38 M","79 M","48.3","82.4","82.4","11.3 ms","13.25 ms"
"","output-based low rank","8x","0.19 M","37 M","7.9","77.2","75.0","12.0 ms","13.48 ms"
