"Model","Version","Size","Val acc","Test acc","CPU, 1 face","CPU, 256 faces"
"VGG-style","fp32","56.5 MB","86.0","85.6","6.0 ms","909 ms"
"","int8 after training","14.2 MB","86.2","","1.7 ms","356 ms"
"","output-based low rank 4x + int8","3.5 MB","85.5","84.3","1.9 ms","246 ms"
"","output-based low rank 8x + int8","1.9 MB","84.6","84.6","2.0 ms","172 ms"
"","Tucker-2 4x + int8","3.7 MB","83.3","82.5","1.2 ms","90 ms"
"","spatial split 4x + int8","3.6 MB","76.3","75.5","0.9 ms","76 ms"
"ResNet-18","fp32","52.3 MB","85.6","85.2","6.9 ms","1377 ms"
"","int8 after training","13.2 MB","85.9","","3.5 ms","511 ms"
"","output-based low rank 4x + int8","3.4 MB","85.4","85.0","2.9 ms","328 ms"
"","output-based low rank 8x + int8","1.8 MB","84.4","83.7","2.8 ms","259 ms"
"","Tucker-2 4x + int8","3.2 MB","85.4","85.4","2.5 ms","308 ms"
"","Tucker-2 8x + int8","1.8 MB","84.8","84.5","1.9 ms","236 ms"
"","spatial split 4x + int8","3.4 MB","85.9","85.2","2.4 ms","308 ms"
"","spatial split 8x + int8","1.8 MB","84.8","84.5","1.6 ms","171 ms"
"DenseNet-BC","fp32","6.0 MB","85.4","85.0","8.7 ms","1437 ms"
"","int8 after training","2.0 MB","60.7","","3.9 ms","261 ms"
"","int8, concatenations in float","2.0 MB","78.2","","4.3 ms","279 ms"
"","quantisation-aware training","2.0 MB","79.7","79.2","4.4 ms","277 ms"
"","quantisation-aware, concatenations in float","2.0 MB","78.4","77.9","4.9 ms","359 ms"
"","output-based low rank 4x + int8","1.1 MB","69.1","65.4","7.3 ms","283 ms"
"","output-based low rank 8x + int8","0.9 MB","19.9","20.0","6.7 ms","309 ms"
