"Model","Method","Threshold","Val acc","Fewer params","Fewer MACs","CPU, 1 face","GPU, 1 face"
"VGG-style","uncompressed","","86.0","14.8 M","1195 M","6.0 ms","0.77 ms"
"","output-based low rank","0.99","86.0","2.4x","1.8x","1.28x","0.57x"
"","Tucker-2","0.98","86.2","1.2x","1.2x","1.07x","0.58x"
"","spatial split","0.8","85.8","2.0x","3.1x","1.54x","0.61x"
"ResNet-18","uncompressed","","85.6","13.7 M","1547 M","6.9 ms","1.20 ms"
"","output-based low rank","0.95","85.4","4.2x","3.5x","1.38x","0.52x"
"","Tucker-2","0.9","85.7","2.3x","2.5x","1.26x","0.54x"
"","spatial split","0.8","86.0","3.1x","3.2x","1.22x","0.60x"
"DenseNet-BC","uncompressed","","85.4","1.5 M","316 M","8.7 ms","6.47 ms"
"","output-based low rank","0.95","85.1","1.9x","2.0x","0.84x","0.52x"
"","Tucker-2","0.95","85.1","1.1x","1.2x","0.85x","0.65x"
"","spatial split","0.9","85.2","1.2x","1.2x","0.96x","0.78x"
