"Model","Run","Params","Val peak (epoch)","Clean train, ep. 100","Test after cooldown","Test F1","60 epochs, cosine"
"VGG-style","tuned","7.0 M","84.4 (74)","94.8","84.5","76.1","84.7"
"VGG-style","larger","14.8 M","85.5 (81)","98.5","85.6","78.4","85.0"
"VGG-style","memorize","7.0 M","78.8 (18)","87.7","81.5","72.0",""
"ResNet-18","tuned","11.2 M","86.2 (90)","96.5","84.8","76.1","85.1"
"ResNet-18","larger","13.7 M","86.1 (81)","99.1","85.2","77.3","85.3"
"ResNet-18","memorize","11.2 M","78.8 (44)","93.7","80.4","70.2",""
"DenseNet-BC","tuned","0.8 M","83.8 (97)","85.7","84.0","76.4","84.6"
"DenseNet-BC","larger","1.5 M","83.9 (97)","89.2","85.0","77.3","84.8"
"DenseNet-BC","memorize","0.8 M","79.7 (95)","85.2","82.5","74.1",""
